Detector/Descriptor,Img-01,Img-02,Img-03,Img-04,Img-05,Img-06,Img-07,Img-08,Img-09,Img-10,Img-11,Img-12,Img-13,Img-14,Img-15,Img-16,Img-17,Img-18
SHITOMASI/BRISK,NaN,12.7155,13.3275,12.4903,13.0791,13.0137,14.3797,11.8004,12.6218,11.7022,13.8648,11.1899,11.7285,10.9649,12.5626,9.93227,10.3242,10.9456
SHITOMASI/BRIEF,NaN,13.6535,14.9672,11.4627,13.3479,12.5939,15.1536,14.982,12.9348,11.4559,14.2513,11.4588,12.0785,11.2142,12.3672,12.2185,8.17853,10.8743
SHITOMASI/ORB,NaN,13.4079,12.8008,11.272,12.4346,11.9072,14.6025,12.9165,12.9681,11.7376,13.5138,11.0399,11.6048,11.4066,12.0086,10.9409,8.68499,11.0358
SHITOMASI/FREAK,NaN,13.5031,14.3551,11.8881,13.1344,12.7503,12.8573,12.1564,11.6309,12.1296,14.2385,11.3742,12.0184,11.7583,12.5354,10.4388,11.1816,11.2541
SHITOMASI/SIFT,NaN,13.826,13.3275,11.7123,13.0809,12.0556,14.6109,14.0087,14.4325,12.3193,13.5328,11.4035,12.0521,12.3841,12.6919,11.2932,9.68075,11.5895
HARRIS/BRISK,NaN,61.0015,NaN,12.4359,14.4179,12.7582,12.7784,13.4692,97.4175,19.6512,NaN,11.8226,12.3292,11.9987,14.3825,12.0207,11.4644,12.7282
HARRIS/BRIEF,NaN,NaN,NaN,14.8961,44.9166,12.7877,13.5599,13.0617,53.7513,11.0036,13.1502,5.51927,12.0753,13.4095,11.2036,NaN,12.2816,201.783
HARRIS/ORB,NaN,NaN,NaN,81.202,12.9056,13.4692,14.4565,12.7582,39.1512,12.8026,11.9599,10.8422,NaN,11.9426,11.0036,NaN,11.5312,12.2131
HARRIS/FREAK,NaN,11.6055,141.354,17.1513,14.2708,17.2006,12.4947,13.5599,28.6746,13.1502,NaN,10.8536,12.0205,11.9426,14.3825,11.5986,12.0361,12.7384
HARRIS/SIFT,NaN,NaN,NaN,12.4359,14.4179,17.4696,12.7949,12.2792,32.6146,10.9544,11.2142,5.51927,11.414,13.301,11.0834,NaN,12.1132,12.8749
FAST/BRISK,NaN,13.7116,12.3776,13.203,14.0725,13.9945,13.2068,12.9291,13.0463,13.6595,13.3085,12.2451,11.9193,11.9317,11.1762,11.3296,10.6085,9.84892
FAST/BRIEF,NaN,12.4623,13.4948,14.5814,14.3241,16.3182,15.3991,14.0888,13.6029,13.5551,14.4072,12.4502,11.9408,12.902,11.0976,11.232,11.1676,10.5794
FAST/ORB,NaN,11.946,12.6969,12.3008,13.1229,14.8128,13.7599,13.3558,13.1763,11.7818,12.4722,11.6079,10.688,11.958,10.5127,11.0386,10.4296,10.0031
FAST/FREAK,NaN,12.3,12.273,13.2718,13.4234,13.5457,12.5797,13.1939,15.2389,12.1954,13.2095,12.3427,11.6249,12.0126,11.0038,10.4816,10.8487,9.37788
FAST/SIFT,NaN,13.9791,13.4181,17.0008,14.7159,16.7409,14.103,14.6347,17.8399,14.3592,14.9283,12.611,13.1626,12.6048,12.5955,11.1131,11.5546,9.92849
BRISK/BRISK,NaN,13.6994,18.0941,14.7882,19.8553,32.0578,15.8094,14.8647,16.9151,17.531,14.1428,12.7187,10.3654,12.7156,12.2243,13.7661,11.3491,8.98238
BRISK/BRIEF,NaN,13.9128,19.2942,15.8164,20.8032,32.663,25.3681,17.7165,21.0145,17.6982,16.0509,13.1387,15.1975,14.2607,12.6297,12.9989,13.8,11.5982
BRISK/ORB,NaN,13.4195,16.4806,15.8101,18.7911,27.6679,17.3264,14.8647,21.7153,13.0841,15.2295,14.1681,9.71252,11.5717,13.6621,13.5682,11.7617,9.52883
BRISK/FREAK,NaN,14.3537,22.1961,13.4467,16.3238,25.292,19.1406,8.98383,16.2356,17.1755,13.8455,14.1681,12.1481,12.9576,10.0101,11.1557,9.48799,8.70687
BRISK/SIFT,NaN,12.364,15.8629,20.2634,13.1831,51.0786,17.7537,15.4191,17.3101,16.8569,15.6776,12.3189,11.8355,13.414,13.3923,16.6742,11.6286,9.82601
ORB/BRISK,NaN,15.0893,16.5514,23.2957,31.4763,37.958,11.1136,17.051,10.9105,12.0719,12.4245,13.0518,32.0942,7.27752,11.4892,8.58,9.78779,15.7683
ORB/BRIEF,NaN,16.756,25.279,28.1898,24.899,37.7115,94.5639,65.6484,42.2489,99.9944,10.8526,12.8176,16.203,10.2732,11.7383,31.6195,18.8275,18.7859
ORB/FREAK,NaN,13.9541,NaN,17.5611,10.6856,-196.679,18.4549,22.7217,19.3489,9.88471,NaN,9.09836,NaN,9.01942,27.8458,8.58,18.4388,0.361525
ORB/SIFT,NaN,14.3109,13.5068,22.5752,54.5052,45.5018,11.1051,20.0919,10.8638,13.0215,11.3619,8.49484,NaN,8.18856,23.9099,19.071,9.54136,15.7683
SIFT/BRISK,NaN,12.8849,12.2508,13.4132,20.123,21.203,12.0216,13.2136,15.5767,12.4297,10.3095,12.0506,10.4748,10.4506,9.0966,9.35955,9.87261,9.00119
SIFT/BRIEF,NaN,13.0606,12.2456,14.2733,18.5498,15.7907,12.1115,13.1849,16.7714,14.8299,11.8755,11.3966,9.60855,11.0237,9.29973,9.25593,9.0779,8.84758
SIFT/FREAK,NaN,21.3333,14.0824,14.3202,20.6949,20.4075,12.4094,14.0543,13.0412,17.3799,11.2532,15.5878,6.83875,10.4475,9.92639,9.46346,8.78723,9.12142
SIFT/SIFT,NaN,13.1155,13.5928,13.1518,18.2872,15.1927,13.1371,14.4356,18.3235,13.8603,11.2196,11.0113,10.1646,11.0619,9.91073,9.26544,9.38692,8.79023
AKAZE/AKAZE,NaN,12.698,14.8578,13.3352,14.5049,17.3023,14.5828,15.7668,15.269,15.2181,12.2854,13.0104,11.4605,11.3004,10.3603,10.2765,10.4592,9.36131
ORB/ORB,NaN,24.7809,10.7511,18.2793,25.0426,24.6421,9.35423,47.9156,10.9115,49.5075,12.4712,8.09508,365.37,9.45481,80.8562,11.0537,9.48983,18.7859
