timestamp,x,y,vx,vy
1033333,0.061182,0.082302,0.253873,0.656869
1066666,0.060625,0.081128,0.252685,0.647120
1100000,0.060076,0.080020,0.250683,0.637939
1133333,0.059780,0.078916,0.249768,0.629276
1166666,0.059319,0.077962,0.247967,0.621664
1200000,0.058746,0.077176,0.245856,0.614846
1233333,0.058626,0.076660,0.246010,0.608579
1266666,0.058642,0.076094,0.247363,0.602289
1300000,0.058328,0.075496,0.248372,0.596211
1333333,0.057856,0.074751,0.247639,0.589461
1366666,0.057398,0.074086,0.246909,0.583011
1400000,0.056964,0.073749,0.245851,0.577540
1433333,0.056528,0.073194,0.244379,0.571556
1466666,0.056095,0.073245,0.243864,0.567150
1500000,0.055609,0.073531,0.242413,0.563383
1533333,0.055128,0.072988,0.241346,0.557807
1566666,0.054697,0.072432,0.239789,0.552304
1600000,0.054332,0.071929,0.238477,0.547423
1633333,0.053924,0.071425,0.236828,0.542956
1666666,0.053659,0.070971,0.234938,0.538760
1700000,0.053279,0.070691,0.233560,0.535325
1733333,0.052867,0.070224,0.232219,0.531186
1766666,0.052445,0.069837,0.231324,0.527212
1800000,0.052049,0.069777,0.230474,0.524172
1833333,0.051748,0.070074,0.230675,0.521872
1866666,0.051628,0.070987,0.231304,0.521099
1900000,0.051544,0.071088,0.231692,0.518407
1933333,0.051607,0.070915,0.232146,0.515104
1966666,0.051426,0.070835,0.232099,0.512000
2000000,0.051052,0.070535,0.231552,0.508399
2033333,0.050700,0.070205,0.230803,0.504790
2066666,0.050366,0.069827,0.229992,0.501142
2100000,0.050022,0.069349,0.229425,0.497398
2133333,0.049656,0.069020,0.228884,0.494393
2166666,0.049374,0.068714,0.228548,0.491635
2200000,0.049076,0.068400,0.227949,0.489006
2233333,0.048766,0.068071,0.227158,0.486417
2266666,0.048603,0.067687,0.227496,0.484334
2300000,0.048632,0.067450,0.228120,0.483383
2333333,0.048514,0.067523,0.228669,0.483884
2366666,0.048551,0.067484,0.229331,0.484021
2400000,0.048740,0.067747,0.231082,0.485723
2433333,0.049304,0.068109,0.233532,0.487986
2466666,0.049409,0.067946,0.235352,0.488086
2500000,0.049326,0.067861,0.237963,0.488336
2533333,0.049172,0.067687,0.239415,0.487525
2566666,0.048940,0.067426,0.240112,0.486264
2600000,0.048684,0.067283,0.241529,0.485100
2633333,0.048606,0.067117,0.243614,0.483089
2666666,0.048451,0.067178,0.244112,0.482564
2700000,0.048310,0.067364,0.244991,0.481914
2733333,0.048132,0.067398,0.245622,0.481606
2766666,0.048124,0.067196,0.247498,0.479884
2800000,0.048308,0.066901,0.251221,0.477607
2833333,0.048675,0.066645,0.254601,0.475462
2866666,0.049069,0.066493,0.257385,0.474015
2900000,0.049218,0.066207,0.259422,0.472095
2933333,0.049121,0.065906,0.261061,0.470245
2966666,0.048945,0.065596,0.262558,0.468389
3000000,0.048971,0.065351,0.265262,0.467379
3033333,0.049002,0.065066,0.267853,0.465421
3066666,0.048970,0.064856,0.270153,0.463599
3100000,0.049031,0.064597,0.273071,0.461473
3133333,0.049016,0.064295,0.275311,0.459238
3166666,0.049097,0.063988,0.277970,0.456958
3200000,0.049234,0.063760,0.282918,0.456188
3233333,0.049574,0.063606,0.289270,0.460118
3266666,0.049873,0.063597,0.294534,0.467975
3300000,0.050203,0.063481,0.298610,0.471245
3333333,0.050659,0.063286,0.302190,0.472040
3366666,0.050990,0.062993,0.305050,0.470587
3400000,0.051482,0.062717,0.308337,0.468877
3433333,0.051874,0.062461,0.310629,0.467244
3466666,0.052351,0.062275,0.312466,0.465714
3500000,0.052662,0.062019,0.313631,0.464858
3533333,0.052833,0.061760,0.314121,0.464558
3566666,0.052846,0.061516,0.314063,0.464908
3600000,0.052717,0.061370,0.313004,0.465537
3633333,0.052575,0.061242,0.311723,0.465926
3666666,0.052509,0.061190,0.310411,0.466328
3700000,0.052529,0.061702,0.309041,0.468962
3733333,0.052512,0.061978,0.307686,0.470358
3766666,0.052456,0.062341,0.306408,0.471566
3800000,0.052377,0.062431,0.305212,0.471624
3833333,0.052255,0.062543,0.304195,0.471253
3866666,0.052177,0.062774,0.303089,0.471110
3900000,0.052191,0.063037,0.301907,0.470713
3933333,0.052184,0.063001,0.300887,0.469472
3966666,0.052085,0.062967,0.300150,0.468189
4000000,0.052035,0.062858,0.299364,0.466799
4033333,0.052061,0.062732,0.298650,0.465264
4066666,0.052001,0.062648,0.298423,0.463743
4100000,0.051930,0.062512,0.298497,0.462275
4133333,0.051877,0.062330,0.298585,0.460904
4166666,0.051771,0.062157,0.299239,0.459928
4200000,0.051644,0.062020,0.300292,0.459425
4233333,0.051510,0.061856,0.301288,0.458447
4266666,0.051396,0.061753,0.303457,0.458223
4300000,0.051364,0.061593,0.305952,0.457169
4333333,0.051398,0.061409,0.308703,0.456275
4366666,0.051494,0.061241,0.311618,0.455232
4400000,0.051713,0.061165,0.314737,0.454002
4433333,0.052138,0.061167,0.318400,0.452942
4466666,0.052295,0.061134,0.320753,0.451798
4500000,0.052579,0.061001,0.323631,0.451194
4533333,0.052746,0.060820,0.325673,0.451124
4566666,0.052985,0.060698,0.327876,0.452337
4600000,0.053166,0.060555,0.329610,0.453175
4633333,0.053380,0.060413,0.331375,0.453203
4666666,0.053700,0.060316,0.333438,0.453053
4700000,0.053846,0.060206,0.334514,0.453155
4733333,0.054045,0.060062,0.336067,0.454261
4766666,0.054305,0.060406,0.337927,0.458376
4800000,0.054500,0.060453,0.339340,0.460245
4833333,0.054790,0.060360,0.341087,0.460843
4866666,0.055001,0.060215,0.342436,0.460429
4900000,0.055096,0.060100,0.343263,0.460070
4933333,0.055062,0.059990,0.343475,0.459440
4966666,0.055018,0.059861,0.343935,0.458643
5000000,0.055040,0.059769,0.344827,0.457583
5033333,0.055179,0.059609,0.346336,0.456748
5066666,0.055273,0.059457,0.347772,0.456276
5100000,0.055347,0.059435,0.348792,0.456435
5133333,0.055501,0.059321,0.349990,0.455208
5166666,0.055670,0.059247,0.350852,0.453940
5200000,0.055731,0.059177,0.351009,0.452879
5233333,0.055843,0.059123,0.351432,0.451976
5266666,0.055840,0.059005,0.351485,0.450816
5300000,0.055797,0.058888,0.351345,0.449564
5333333,0.055690,0.058804,0.350984,0.448402
5366666,0.055580,0.058669,0.350763,0.447226
5400000,0.055444,0.058631,0.350347,0.446122
5433333,0.055298,0.058533,0.350042,0.444857
5466666,0.055155,0.058484,0.349884,0.443558
5500000,0.055035,0.058344,0.349946,0.442340
5533333,0.054951,0.058175,0.350446,0.441296
5566666,0.054886,0.058006,0.351217,0.440413
5600000,0.054888,0.057838,0.352381,0.439379
5633333,0.054897,0.057674,0.353625,0.438278
5666666,0.054877,0.057734,0.354610,0.437222
5700000,0.054914,0.057579,0.355382,0.436167
5733333,0.054868,0.057538,0.355781,0.435163
5766666,0.054776,0.057414,0.355857,0.434067
5800000,0.054677,0.057739,0.356044,0.433896
5833333,0.054615,0.058239,0.356780,0.433861
5866666,0.054525,0.058264,0.356911,0.432936
5900000,0.054415,0.058114,0.356786,0.431798
5933333,0.054339,0.057981,0.356487,0.430680
5966666,0.054256,0.057851,0.356269,0.429579
6000000,0.054156,0.057716,0.356041,0.428495
6033333,0.054052,0.057582,0.355925,0.427422
6066666,0.053950,0.057457,0.355838,0.426362
6100000,0.053809,0.057330,0.355830,0.425299
6133333,0.053664,0.057417,0.355619,0.425120
6166666,0.053531,0.057900,0.355206,0.426103
6200000,0.053396,0.058554,0.355103,0.427103
6233333,0.053257,0.058927,0.355212,0.427176
6266666,0.053121,0.059298,0.355356,0.427057
6300000,0.052997,0.059616,0.355899,0.426634
6333333,0.052941,0.059823,0.357523,0.425867
6366666,0.052867,0.060314,0.358512,0.425586
6400000,0.052767,0.060902,0.359068,0.425402
6433333,0.052665,0.061275,0.359652,0.424742
6466666,0.052590,0.061847,0.360424,0.424311
6500000,0.052489,0.061953,0.360481,0.423333
6533333,0.052393,0.062090,0.360448,0.422528
6566666,0.052329,0.062204,0.360951,0.421777
6600000,0.052263,0.062292,0.361157,0.421084
6633333,0.052176,0.062280,0.361387,0.420350
6666666,0.052077,0.062138,0.361608,0.419685
6700000,0.052005,0.061997,0.362271,0.419361
6733333,0.051894,0.061926,0.362779,0.418524
6766666,0.051807,0.061788,0.363561,0.417734
6800000,0.051772,0.061698,0.364520,0.417552
6833333,0.051771,0.061634,0.365655,0.417348
6866666,0.051777,0.061646,0.366989,0.417222
6900000,0.051834,0.061804,0.368863,0.417352
6933333,0.051925,0.061891,0.370378,0.417124
6966666,0.052074,0.062543,0.372155,0.418041
7000000,0.052116,0.063399,0.372979,0.419006
7033333,0.052104,0.064057,0.373318,0.419257
7066666,0.052080,0.064342,0.373702,0.418893
7100000,0.052093,0.064511,0.374332,0.418503
7133333,0.052087,0.064508,0.374959,0.417935
7166666,0.052052,0.064634,0.375471,0.417280
7200000,0.052035,0.064836,0.375948,0.416782
7233333,0.051981,0.064854,0.376195,0.416473
7266666,0.051966,0.064832,0.376725,0.416476
7300000,0.051989,0.064800,0.377349,0.416387
7333333,0.051988,0.064751,0.378053,0.416230
7366666,0.051998,0.064729,0.378916,0.416332
7400000,0.052022,0.064644,0.380116,0.415680
7433333,0.052120,0.064563,0.381605,0.415119
7466666,0.052239,0.064504,0.383000,0.414811
7500000,0.052392,0.064512,0.384400,0.414796
7533333,0.052533,0.064582,0.385490,0.414996
7566666,0.052629,0.064585,0.386359,0.414804
7600000,0.052688,0.064561,0.387042,0.414490
7633333,0.052760,0.064621,0.387720,0.414535
7666666,0.052886,0.064540,0.388640,0.413980
7700000,0.052990,0.064435,0.389514,0.413244
7733333,0.053120,0.064318,0.390479,0.412401
7766666,0.053262,0.064230,0.391443,0.411657
7800000,0.053375,0.064128,0.392228,0.410864
7833333,0.053460,0.064026,0.392984,0.410102
7866666,0.053650,0.063948,0.394009,0.409367
7900000,0.053921,0.063861,0.395264,0.408597
7933333,0.054114,0.063826,0.396190,0.407948
7966666,0.054539,0.063852,0.397895,0.407465
8000000,0.054816,0.063767,0.398502,0.406716
8033333,0.055023,0.063751,0.398652,0.406028
8066666,0.055250,0.063819,0.398523,0.405439
8100000,0.055387,0.063771,0.398037,0.404658
8133333,0.055493,0.063673,0.397433,0.403996
8166666,0.055621,0.063673,0.396871,0.403806
8200000,0.055706,0.063710,0.396228,0.403689
8233333,0.055682,0.063859,0.395628,0.403897
8266666,0.055668,0.063756,0.395105,0.403447
8300000,0.055731,0.063634,0.394535,0.402971
8333333,0.055700,0.063597,0.393942,0.402607
8366666,0.055636,0.063662,0.393354,0.402386
8400000,0.055539,0.063784,0.392779,0.402146
8433333,0.055480,0.063676,0.392193,0.401506
8466666,0.055410,0.063567,0.391615,0.400822
8500000,0.055342,0.063451,0.391076,0.400181
8533333,0.055293,0.063403,0.390459,0.399791
8566666,0.055268,0.063348,0.389853,0.399320
8600000,0.055231,0.063251,0.389199,0.398647
8633333,0.055189,0.063151,0.388540,0.397924
8666666,0.055151,0.063135,0.387915,0.397376
8700000,0.055075,0.063209,0.387324,0.396969
8733333,0.055011,0.063320,0.386823,0.396615
8766666,0.054947,0.063262,0.386473,0.395942
8800000,0.054901,0.063198,0.386209,0.395426
8833333,0.054843,0.063127,0.385776,0.394868
8866666,0.054790,0.063079,0.385456,0.394376
8900000,0.054749,0.063292,0.384983,0.394789
8933333,0.054682,0.063282,0.384469,0.394401
8966666,0.054590,0.063179,0.383818,0.393730
9000000,0.054513,0.063106,0.383163,0.393180
9033333,0.054445,0.063021,0.382519,0.392491
9066666,0.054373,0.062935,0.381900,0.391802
9100000,0.054326,0.062914,0.381261,0.391272
9133333,0.054273,0.062855,0.380616,0.390664
9166666,0.054266,0.063006,0.380021,0.390517
9200000,0.054218,0.062909,0.379381,0.389867
9233333,0.054251,0.062801,0.378792,0.389239
9266666,0.054292,0.062703,0.378198,0.388825
9300000,0.054365,0.062608,0.377588,0.388335
9333333,0.054478,0.062497,0.376963,0.387684
9366666,0.054590,0.062400,0.376340,0.387030
9400000,0.054644,0.062291,0.375721,0.386427
9433333,0.054696,0.062204,0.375101,0.385830
9466666,0.054816,0.062109,0.374491,0.385205
9500000,0.054969,0.062088,0.373885,0.384663
9533333,0.055061,0.061980,0.373306,0.384044
9566666,0.055105,0.061875,0.372749,0.383432
9600000,0.055132,0.061780,0.372184,0.382881
9633333,0.055199,0.061689,0.371600,0.382336
9666666,0.055201,0.061594,0.371103,0.381749
9700000,0.055163,0.061490,0.370634,0.381114
9733333,0.055125,0.061389,0.370118,0.380468
9766666,0.055084,0.061301,0.369546,0.379892
9800000,0.055025,0.061210,0.368993,0.379288
9833333,0.054952,0.061114,0.368489,0.378654
9866666,0.054863,0.061054,0.367998,0.378103
9900000,0.054776,0.060999,0.367478,0.377552
average,0.053237,0.063835,0.329076,0.449515
9933333,0.054690,0.060959,0.367032,0.377027
9966666,0.054603,0.061049,0.366487,0.376769
